{
  "Petición HTTP" : {
    "transaction" : "Petición HTTP",
    "sampleCount" : 1,
    "errorCount" : 0,
    "errorPct" : 0.0,
    "meanResTime" : 474.0,
    "medianResTime" : 474.0,
    "minResTime" : 474.0,
    "maxResTime" : 474.0,
    "pct1ResTime" : 474.0,
    "pct2ResTime" : 474.0,
    "pct3ResTime" : 474.0,
    "throughput" : 2.109704641350211,
    "receivedKBytesPerSec" : 25.458613528481013,
    "sentKBytesPerSec" : 0.30079773206751054
  },
  "Total" : {
    "transaction" : "Total",
    "sampleCount" : 1,
    "errorCount" : 0,
    "errorPct" : 0.0,
    "meanResTime" : 474.0,
    "medianResTime" : 474.0,
    "minResTime" : 474.0,
    "maxResTime" : 474.0,
    "pct1ResTime" : 474.0,
    "pct2ResTime" : 474.0,
    "pct3ResTime" : 474.0,
    "throughput" : 2.109704641350211,
    "receivedKBytesPerSec" : 25.458613528481013,
    "sentKBytesPerSec" : 0.30079773206751054
  }
}